acNumber,total_parts
1,442.0
2,433.0
3,501.0
4,424.0
5,399.0
6,362.0
7,457.0
8,372.0
9,385.0
10,372.0
11,421.0
12,374.0
13,354.0
14,370.0
15,355.0
16,361.0
17,382.0
18,401.0
19,420.0
20,333.0
21,364.0
22,426.0
23,383.0
24,383.0
25,455.0
26,433.0
27,433.0
28,561.0
29,447.0
30,431.0
31,417.0
32,457.0
33,414.0
34,380.0
35,373.0
36,432.0
37,473.0
38,456.0
39,426.0
40,417.0
41,368.0
42,423.0
43,390.0
44,420.0
45,397.0
46,413.0
47,474.0
48,342.0
49,545.0
50,382.0
51,340.0
52,359.0
53,582.0
54,543.0
55,1171.0
56,530.0
57,397.0
58,469.0
59,413.0
60,400.0
61,811.0
62,794.0
63,419.0
64,468.0
65,455.0
66,429.0
67,448.0
68,398.0
69,391.0
70,442.0
71,461.0
72,454.0
73,495.0
74,475.0
75,449.0
76,394.0
77,506.0
78,475.0
79,463.0
80,452.0
81,417.0
82,458.0
83,401.0
84,509.0
85,481.0
86,520.0
87,480.0
88,393.0
89,451.0
90,482.0
91,420.0
92,391.0
93,410.0
94,385.0
95,458.0
96,465.0
97,450.0
98,414.0
99,394.0
100,437.0
101,376.0
102,418.0
103,439.0
104,426.0
105,392.0
106,387.0
107,434.0
108,448.0
109,423.0
110,503.0
111,504.0
112,501.0
113,491.0
114,429.0
115,438.0
116,490.0
117,510.0
118,442.0
119,444.0
120,463.0
121,392.0
122,410.0
123,465.0
124,456.0
125,384.0
126,379.0
127,419.0
128,386.0
129,422.0
130,427.0
131,446.0
132,470.0
133,453.0
134,488.0
135,460.0
136,493.0
137,435.0
138,387.0
139,467.0
140,367.0
141,400.0
142,450.0
143,375.0
144,402.0
145,469.0
146,469.0
147,407.0
148,425.0
149,413.0
150,399.0
151,416.0
152,422.0
153,424.0
154,497.0
155,436.0
156,452.0
157,427.0
158,411.0
159,472.0
160,434.0
161,419.0
162,427.0
163,417.0
164,425.0
165,458.0
166,517.0
167,496.0
168,451.0
169,545.0
170,652.0
171,446.0
172,438.0
173,444.0
174,364.0
175,354.0
176,438.0
177,385.0
178,399.0
179,392.0
180,427.0
181,402.0
182,446.0
183,399.0
184,420.0
185,412.0
186,401.0
187,413.0
188,438.0
189,412.0
190,448.0
191,445.0
192,470.0
193,379.0
194,413.0
195,380.0
196,579.0
197,505.0
198,514.0
199,483.0
200,458.0
201,496.0
202,471.0
203,410.0
204,419.0
205,402.0
206,409.0
207,426.0
208,429.0
209,480.0
210,434.0
211,360.0
212,350.0
213,275.0
214,298.0
215,350.0
216,352.0
217,476.0
218,395.0
219,578.0
220,516.0
221,530.0
222,399.0
223,439.0
224,496.0
225,428.0
226,589.0
227,567.0
228,527.0
229,488.0
230,369.0
231,443.0
232,387.0
233,391.0
234,407.0
235,333.0
236,469.0
237,436.0
238,395.0
239,383.0
240,421.0
241,327.0
242,400.0
243,438.0
244,373.0
245,372.0
246,419.0
247,473.0
248,413.0
249,445.0
250,398.0
251,439.0
252,514.0
253,459.0
254,405.0
255,460.0
256,457.0
257,458.0
258,451.0
259,393.0
260,396.0
261,454.0
262,425.0
263,426.0
264,405.0
265,421.0
266,497.0
267,450.0
268,477.0
269,480.0
270,509.0
271,413.0
272,434.0
273,443.0
274,443.0
275,419.0
276,475.0
277,486.0
278,387.0
279,420.0
280,483.0
281,395.0
282,403.0
283,402.0
284,407.0
285,386.0
286,478.0
287,449.0
288,456.0
289,447.0
290,487.0
291,430.0
292,428.0
293,485.0
294,462.0
295,443.0
296,424.0
297,500.0
298,397.0
299,432.0
300,397.0
301,385.0
302,452.0
303,550.0
304,503.0
305,441.0
306,488.0
307,459.0
308,432.0
309,517.0
310,437.0
311,467.0
312,571.0
313,554.0
314,493.0
315,394.0
316,436.0
317,455.0
318,475.0
319,481.0
320,438.0
321,449.0
322,457.0
323,435.0
324,451.0
325,455.0
326,403.0
327,444.0
328,515.0
329,388.0
330,434.0
331,455.0
332,472.0
333,445.0
334,420.0
335,399.0
336,392.0
337,392.0
338,404.0
339,425.0
340,406.0
341,387.0
342,375.0
343,455.0
344,428.0
345,423.0
346,402.0
347,451.0
348,412.0
349,402.0
350,461.0
351,474.0
352,479.0
353,472.0
354,512.0
355,435.0
356,517.0
357,446.0
358,420.0
359,359.0
360,383.0
361,395.0
362,453.0
363,406.0
364,421.0
365,457.0
366,520.0
367,447.0
368,457.0
369,497.0
370,416.0
371,443.0
372,514.0
373,536.0
374,482.0
375,423.0
376,446.0
377,495.0
378,519.0
379,477.0
380,448.0
381,393.0
382,393.0
383,457.0
384,421.0
385,413.0
386,419.0
387,448.0
388,451.0
389,353.0
390,460.0
391,395.0
392,504.0
393,458.0
394,442.0
395,462.0
396,451.0
397,474.0
398,426.0
399,445.0
400,472.0
401,439.0
402,351.0
403,400.0
